requirement,responsibility,from,to
"Знание <highlighttext>Python</highlighttext>. Умение работать в команде. Навыки верстки (HTML, CSS). Готовность быстро учиться и выполнять черновую работу.","Сервис по набору подписчиков. Мы разработали инструмент для воронок, проверки подписки и выдачи подарков, который помогает блогерам увеличивать аудиторию. ",200000.0,200000.0
"Базовые знания <highlighttext>Python</highlighttext>. Опыт написания REST приложений на любом <highlighttext>Python</highlighttext> фреймворке (Flask, FastAPI, Django и др.). Понимание основ SQL и...","Базовые знания <highlighttext>Python</highlighttext>. Опыт написания REST приложений на любом <highlighttext>Python</highlighttext> фреймворке (Flask, FastAPI, Django и др.). Понимание основ SQL и...",65000.0,65000.0
Опыт разработки на <highlighttext>Python</highlighttext> и Django от 2 лет. Понимание принципов ООП и опыт применения их в реальных проектах. ,Разработка и поддержка веб-приложений на Django и <highlighttext>Python</highlighttext>. Участие в проектировании и улучшении архитектуры проектов. Оптимизация производительности и обеспечение...,450.0,700.0
"Опыт работы с одним из любых языков программирования (<highlighttext>Python</highlighttext>, JavaScript, C# и др.). Высокую степень целеустремленности и ответственности. ",Участие в разработке и доработке наших продуктов: Взаимодействие с искусственным интеллектом для автоматизации задач и оптимизации рабочего процесса. ,400.0,600.0
"Наличие примеров работ в git. Опыт работы с асинхронным <highlighttext>python</highlighttext>. Опыт деплоя проектов. Опыт работы с celery, redis, docker, supervisor.",Участвовать в проектировании базы данных. Создавать интеграции с внешними сервисами. Дорабатывать существующие скрипты. Писать SQL-запросы. Разрабатывать админку и REST...,60000.0,90000.0
"Уверенные знания <highlighttext>Python</highlighttext> (FastAPI). Опыт работы с: Асинхронностью. PostgreSQL. Умение работать с Docker, понимание что такое контейнеры. Опыт с GitLab. ",Разработка и поддержка новых функциональных модулей системы. Интеграция с внешними API сторонних систем. Оптимизация работы микросервисов и базы данных. ,70000.0,120000.0
"Знание основных шаблонов проектирования. Умение читать чужой код. Знание Spring, Hibernate. Опыт программирования на языках PHP, Ruby или <highlighttext>Python</highlighttext>. Ответственность. ",Разработка нового и поддержка существующего функционала сервиса. Участие в разработке мобильных приложений сервиса.,50000.0,70000.0
"Опыт разработки на <highlighttext>Python</highlighttext> от 2 лет. Опыт работы с библиотеками для обработки PDF, Excel, DWG данных. Навыки работы с...","Разработка Telegram-бота с использованием библиотеки <highlighttext>python</highlighttext>-telegram-bot. Настройка команд для загрузки и обработки файлов (PDF, Excel, DWG). ",130000.0,170000.0
A wide array of extremely challenging C++ development tasks. An international team of brilliant minds. Here are some highlights of...,A working environment that makes this team stay and grow. Enough time to make sure that every detail of your...,7500.0,10834.0
"Высшее образование (желательно техническое или математическое). Плюсом будет знание языков программирования (например, SQL, <highlighttext>Python</highlighttext>). Понимание принципов работы реляционных баз данных. ",Сбор и анализ требований к системам. Разработка технических заданий. Участие в проектировании систем. Тестирование программного обеспечения.,80000.0,140000.0
Хорошее знание <highlighttext>Python</highlighttext>. Хорошее знание SQL (умение писать сложные SQL-запросы). Опыт работы не обязателен — достойной альтернативной будет образование в...,"...Backend-проекта на <highlighttext>Python</highlighttext> в рамках поставленных задач (добавление нового функционала, исправление ошибок, рефакторинг). Проект на нативном <highlighttext>Python</highlighttext> без фреймворков. ",50000.0,100000.0
"Разрабатывать новые и поддерживать существующие функциональные автотесты (<highlighttext>Python</highlighttext>/Java/C#/JavaScript/Ruby). Продвинутые знания: <highlighttext>Python</highlighttext>, PyTest, Selenium. Опыт и навыки...","Топ-7 студия по России по работе с некоммерческими и гос.организациями. Функциональным, регрессионным и интеграционным тестированием. Участвовать в организации и...",80000.0,250000.0
"Высшее образование в области экономики/математики. Продвинутый уровень владения MS Excel (обязательно). Навыки SQL, <highlighttext>Python</highlighttext> (желательно). Базовое понимание МСФО и...",Построение и поддержка финансовых моделей компании. Подготовка бюджета компании на полугодовой основе и план-факт анализ на ежемесячной основе. ,400000.0,400000.0
"Previous experience with some of the following tools would be considered an advantage: scientific or statistical computing (<highlighttext>Python</highlighttext>, R), SQL...","Demonstrate use of data visualization (Power BI, Excel), and analytic tools (<highlighttext>Python</highlighttext>, R, SQL, KNIME). Collaborate with multifunctional teams (Marketing...",100000.0,100000.0
Опыт реализации проектов по нагрузочному тестированию. Отличное владение <highlighttext>Python</highlighttext> для написания и автоматизации нагрузочных тестов от 3х лет. ,Предстоит участвовать в разработке и запуске автоматизированных тестов. Анализ производительности и взаимодействии с командами разработки для устранения выявленных проблем. ,200000.0,265000.0
Выбирать методы и инструменты тестирования. Есть опыт тестирования Web-приложений и АPI. Хорошо знаешь и понимаешь техники тест-дизайна.,"Продукт, отвечающий за цифровую бухгалтерию для маркетплейсов. Планировать тестирование. Создавать тестовые случаи и сценарии. Проводить ручное тестирование. Автоматизировать регрессионное тестирование. ",250000.0,250000.0
Понимание структуры web-приложений. Знание английского языка B1. Умение работать с командой. Умение составлять ТЗ. Postman. DevTools. Figma. ,"Тестирование сайтов, мобильных приложений и API в соответствии с ТЗ. Анализировать ТЗ к разрабатываемому продукту. Написание Bug-репортов.",60000.0,60000.0
Базовые знания <highlighttext>Python</highlighttext>. Знание основ работы с FastAPI. Знание основ работы с PostgreSQL (MongoDB будет плюсом). Понимание принципов REST. ,Участие в разработке и поддержке веб-приложений на <highlighttext>Python</highlighttext>. Помощь в интеграции сторонних сервисов и API. Поддержка существующего кода и...,150000.0,180000.0
Тестовый отбор — выполнение кандидатами задач на знание базовых linux команд. Успешно прошедшие тестовые задания кандидаты переходят ко второму этапу.,"Зачисление в штат. Вашими должностными обязанностями будет: Перенос приложений в систему оркестрации Kubernetes; Автоматизация процессов разработки, тестирования и сборки релизного...",50000.0,120000.0
"Учитывая специфику и особенности, мы сможем обеспечить для Вас. Специалиста со знанием <highlighttext>Python</highlighttext> c опытом написания интеграционных сервисов. ","Компания ""Делис Инфо"" (включена в реестр отечественных ИТ-компаний) создает и развивает на российском рынке линейку продуктов собственной разработки по...",100000.0,150000.0
Опыт коммерческой разработки на <highlighttext>Python</highlighttext> от 2 лет. Уверенное знание FastAPI/Django/Flask. Опыт работы с микросервисной архитектурой. ,Разработка и поддержка микросервисной архитектуры. Создание и оптимизация backend-сервисов на <highlighttext>Python</highlighttext>. Интеграция с внешними API и сервисами. ,150000.0,150000.0
"...геодезической, землеустроительной нефтегазовой сфере. Знакомы с пространственными базами данных и публикацией сервисов. Имеете опыт составления SQL-запросов и знаете <highlighttext>Python</highlighttext>).","Работа с массивами данных в ГИС, сопровождение, наполнение и актуализация базы пространственных данных по объектам ПАО «Транснефть». Сбор, обработка, структурирование...",117000.0,117000.0
"Опыт коммерческой разработки от 1 года. Владение <highlighttext>Python</highlighttext> 2/3. Владение (My)SQL, конкретно. Написать запросы, достаточные для CRUD (SELECT...","Написание и поддержка интеграций (<highlighttext>Python</highlighttext>2, MySQL, SOAP/REST). Поддержка и развитие существующих клиент-серверных продуктов (<highlighttext>Python</highlighttext> 3 + FastApi...",70000.0,110000.0
"Рython3+. Django 2+, опыт работы от 1 года. Django REST Framework. MySQL. MariaDB. Умение работать с git. ",Доработка и разработка нового функционала. Написание документации по доработанному функционалу. Разработка пользовательских сервисов. Рефакторинг и оптимизация под растущую нагрузку. ,70000.0,70000.0
"знание математической статистики и теории вероятностей. - знание <highlighttext>Python</highlighttext> (pandas, NumPy, matplotlib, Sklearn) и других BI-систем будет плюсом. - высшее образование.","развитие и поддержка существующей отчетности, разработка отчетов «с нуля». - сбор требований от заказчиков отчетов. - сбор и интеграция данных из различных...",400000.0,400000.0
"Высшее техническое образование. Знание С++, <highlighttext>Python</highlighttext>. Опыт разработки кроссплатформенных приложений (Windows, Unix). Чтение и поддержка существующего (ранее разработанного) кода. ","Разработка программного и информационного обеспечений в рамках развития компании. Разработка, оформление и согласование технической документации на программное обеспечение. ",130000.0,130000.0
Опыт работы с <highlighttext>Python</highlighttext> и Django. Знание принципов проектирования баз данных и опыт работы с. PostgreSQL. Опыт разработки RESTful API...,Активами и интеграции с внешними финансовыми сервисами. Мы активно используем <highlighttext>Python</highlighttext> и Django для создания надежной и. Масштабируемой серверной архитектуры...,35000.0,35000.0
"Опыт: Более 1 года работы с: <highlighttext>Python</highlighttext> (3.8+). FastAPI (REST, WebSockets). PostgreSQL, Redis, Docker, Git.",Интеграция с другими сервисами через открытые API. Разработка основного и дополнительного функционала. Устранение ошибок и улучшение продукта.,1000.0,1000.0
Базовые знания <highlighttext>Python</highlighttext> и понимание основ ООП. Желателен опыт работы с библиотеками для работы с PDF и инструментами для распознавания...,Ищем начинающего <highlighttext>Python</highlighttext>-разработчика для работы над проектом по оцифровке PDF-документов. Задача — доработка и создание обработчиков для различных типов...,80000.0,80000.0
"Понимать продукт, вникать в бизнес-процессы. Опыт <highlighttext>Python</highlighttext> (Django) Backend разработки от 2-х лет. Опыт работы с Django Templates. ","Разработка и поддержка сервиса аналитики маркетплейсов на Django. Предлагать архитектурные решения, участвовать в проектировании архитектуры продукта. Мониторить производительность, оптимизировать где...",100000.0,250000.0
"Высшее образование (желательно техническое или математическое). Плюсом будет знание языков программирования (например, SQL, <highlighttext>Python</highlighttext>). Понимание принципов работы реляционных баз данных. ",Сбор и анализ требований к системам. Разработка технических заданий. Участие в проектировании систем. Тестирование программного обеспечения.,80000.0,140000.0
Strong experience with at least one <highlighttext>Python</highlighttext> framework (Django Rest Framework / FastAPI). Experience managing relational databases (PostgreSQL / MySQL). ,Proficiency in working with Docker and Docker Compose.,3000000.0,5000000.0
Arch based linux - будет большим плюсом. Bash scripts (скрипты) - профи. <highlighttext>Python</highlighttext> базовые знания - будет большим плюсом. Ansible - будет большим плюсом. ,Руководство коллективом (в функциональном подчинении команда из 5 сисадминов из разных компаний). Разработки и реализация ИТ и ИБ стратегии предприятий. ,1000000.0,1000000.0
"...технологии (по убыванию приоритетности: PHP, <highlighttext>Python</highlighttext>, C#). Уверенное владение PHP (можно без объектного подхода), <highlighttext>Python</highlighttext>. Знание HTML/CSS/Java Script...","Разработка back-end для мобильных приложений, возможен минимальный front (без особой критики по дизайну и пр.). Android Studio/Kotlin, знание...",250.0,500.0
"Cтэк: <highlighttext>python</highlighttext> / Go / typescript / solidity / redis / PostgreSQL / mogodb / hardhat / fastapi / asyncio / hardhat. Понимание технологических рисков DeFi, опыт аудита и написания...","Развивать dApp shift.tech как в ончейн части, так и на стороне backend. Участвовать в разработке финансовых продуктов: смарт-контракты, торговые...",800000.0,800000.0
"Вы получаете востребованный опыт на современном стеке, развитие в кругу единомышленников. Ключевое требование - уверенные знания <highlighttext>Python</highlighttext>, Django на проектах с...","На текущий момент реализовали дата-ядро системы на стеке PostgreSQL, <highlighttext>Python</highlighttext>, Datalens. Уперлись в большое количество ручных операций и приняли...",80000.0,80000.0
"Базовое понимание принципов работы LLM. Опыт работы с <highlighttext>Python</highlighttext>. Навыки работы с инструментами ИИ, методами анализа данных и API. ","Выяснение потребностей внутренних заказчиков и клиентов, предложение решений, консультирование, согласование ТЗ. Разработка, редактирование и оптимизация промптов для LLM-агентов. ",180000.0,180000.0
"Основа технологии — серверная платформа (Linux / PostgreSQL / Redis / RoR / Go microservices), взаимодействующая с веб-приложениями (Angular) и мобильными приложениями (на Flutter). ","Взаимодействие: jira, git, discord. Принимать участие в проектировании и разработке нашей системы – софта для автоматизации управления полевым персоналом. ",90000.0,90000.0
"Желательно знание языка программирования <highlighttext>Python</highlighttext> / JavaScript и основных библиотек для работы с чат-ботами, таких как <highlighttext>python</highlighttext>-telegram-bot, Flask...","Разработка телеграмм-ботов, вотсап-ботов, разной направленности: Чат-боты. Юзер-боты. Настройка интеграций с системой AMO CRM Интеграция ИИ. Парсеры. ",40000.0,40000.0
"Писать техническую документацию, зарабатывая баллы в карму от коллег, которые перестанут теряться в коде. Будет круто, если ты имеешь небольшой...","Используя магию, предсказываем будущее: на основе сквозной аналитики прогнозируем, когда нужная партия угля будет готова к погрузке на борт судна. - ",30000.0,30000.0
"Желание учиться и развиваться в области тестирования. Будет плюсом: - Понимание работы <highlighttext>Python</highlighttext>, JS Vue/Nuxt. - Знания и опыт использования автоматизированных...",Ручное тестирование эндпоинтов API и верификация структур по swagger-спецификации. - Выполнение ручного тестирования веб-приложений и мобильных приложений. - ,130000.0,130000.0
Анализировали данные на SQL и <highlighttext>Python</highlighttext>. Знаете статистику и базу для A/B-тестирования. Проверяете результаты и качество своей работы. ,Искать точки роста и возможности для оптимизации процессов работы с данными для всех департаментов компании. Участвовать в построении DWH. ,120000.0,180000.0
Знания теории и принципов тестирования ПО. Опыт тестирования ПО (желательно от 2 лет). Написание и поддержка автотестов. Навыки работы с...,"...взаимодействие с командой разработки. Составление test cases. Написание и поддержка автотестов (java, kotlin, kotlin-js, <highlighttext>python</highlighttext>, spectron и т. д.).",100000.0,130000.0
"Опыт коммерческой разработки от 1 года. Уверенные знания <highlighttext>Python</highlighttext>, Git, Linux. Умение собирать и разворачивать проекты под ОС Linux. ","Разработка на <highlighttext>Python</highlighttext> скриптов. Работа с Raspberry. Работа с web socket. Разработка, организация и управление базами данных. Участие в разработке...",100000.0,200000.0
"Высшее образование или студенты последних курсов по специальностям: статистика, математика, экономика, IT. Знание MS Excel. Опыт работы в 1С...",Выполнение функций по документообороту. Выгрузка отчетов в 1С. Полный цикл ведения контрактов с аптечными сетями и производителями. ,63500.0,63500.0
Имеете опыт оптимизации финансовых процессов. Знакомы с особенностями налогообложения в разных юрисдикциях. Базовые навыки программирования (<highlighttext>Python</highlighttext>) для работы со скриптами...,"Анализировать результаты работы торговых роботов, исследовать возможности снижения издержек и предлагать места для оптимизации. Искать закономерности в графиках и данных. ",4000.0,7000.0
Знание FastAPI и SQLAlchemy. Опыт работы с асинхронным программированием (Asyncio). Знание Aiohttp и Httpx. Опыт взаимодействия с API сторонних сервисов. ,Знание FastAPI и SQLAlchemy. Опыт работы с асинхронным программированием (Asyncio). Знание Aiohttp и Httpx. Опыт взаимодействия с API сторонних сервисов. ,50000.0,100000.0
Имеешь коммерческий опыт тестирования от 2 лет. Имеешь опыт работы на проекте с микросервисной архитектурой. Имеешь навыки работы с Postman...,Одна из ключевых команд — команда Search — занимается поисковой выдачей: определяет логику показа номерного фонда отелей и определяет правила скидок. ,150000.0,150000.0
"Знание SQL - уровень написания запросов к базе данных. Владение <highlighttext>Python</highlighttext> - базовый уровень обработки, анализа и визуализации данных. Опыт работы с...","Разработка и поддержка дашбордов в Metabase. Развитие регулярной отчетности по данному направлению, опционально - генерация гипотез. Выполнение ADHOC запросов бизнеса. ",80000.0,80000.0
"Опыт асинхронного программирования в <highlighttext>Python</highlighttext>, опыт связывания асинхронного и синхронного кода. Опыт в применении аннотаций типов в <highlighttext>Python</highlighttext>. Знание <highlighttext>python</highlighttext>...",Развитие существующих и разработка новых приложений в рамках продуктов компании. Оценка производительности. Поиск узких мест. Оптимизация кода. Написание технических спецификаций. ,180000.0,260000.0
"Опыт работы с SQL Визуализация данных в BI системах (является плюсом). <highlighttext>Python</highlighttext> ( является плюсом). Опыт работы в фин.сфере ( банки, МФО...",Анализировать текущие процессы и предлагать улучшения для повышения эффективности и качества работы. На основании выявленных закономерностей формировать пакетные предложения для...,140000.0,180000.0
"Делать лучший продукт в России. Уверенные знания <highlighttext>Python</highlighttext>, ООП. Опыт работы с PostgreSQL: построение оптимальных sql-запросов (без использования ORM...",Разработка высоконагруженного финансового приложения. - Реализация сервиса доставки. - Развитие и сопровождение высоконагруженного приложения фиксации активности пользователей.,175000.0,175000.0
Уверенные знания <highlighttext>Python</highlighttext>. Опыт работы с FastAPI / Flask. Знание основ SQL. Опыт работы с Linux. Понимание основ работы с сетями. ,Разработкой API. Разработкой и реализацией Unit-тестов. Написанием технической документации.,75000.0,75000.0
"Good command of English (Upper-Intermediate or higher). Scientific or statistical computing (<highlighttext>Python</highlighttext>, R), SQL and Big Data ecosystem (Hadoop...","Demonstrate use of data visualization (Power BI, Excel), and analytic tools (<highlighttext>Python</highlighttext>, R, SQL, KNIME/Alteryx) to grasp the business...",200000.0,200000.0
Отличные навыки программирования на <highlighttext>Python</highlighttext> 3.4+. Знание SQL (Postgre SQL). Опыт работы с SQL Alchemy. Понимание принципов работы...,Проектировать бизнес логику и CRM для платных дорог и парковок. Разрабатывать системы отчетности и BI.,200000.0,200000.0
Готовность уделять стажировке 40 часов неделю. Опыт анализа данных в <highlighttext>Python</highlighttext>/R или иной релевантный опыт. Опыт взаимодействия с системами...,"Получение навыков анализа данных: проектирование потоков данных и их витрин, развитие статистических моделей для принятия решений. Применение в работе передовых...",50000.0,50000.0
Опыт работы с <highlighttext>Python</highlighttext> от 1 года. Глубокое знание библиотеки Pandas для обработки и анализа данных. Понимание принципов SOLID и...,"Разработка и поддержка программного обеспечения для сбора, обработки и анализа данных с электронных маркетплейсов. Работа с большими объемами данных, использование...",70000.0,70000.0
Опыт разработки на <highlighttext>Python</highlighttext> от года. Успешные кейсы по созданию и внедрению чат-ботов. Опыт интеграции с внешними API и...,"Нейро-контроль качества. Нейро-техподдержка. Нам нужен топовый разработчик, который сможет создавать и внедрять нейро-сотрудников под разные бизнес-процессы...",150000.0,250000.0
Коммерческий опыт разработки на <highlighttext>Python</highlighttext> и использования Django / FastAPI от 3-х лет. Опыт работы с микросервисной архитектурой. ,"Участие в разработке проектов. Разработка backend (REST API ) для сервисов, как в рамках новых проектов, так и для уже существующих. ",180000.0,350000.0
"Увлечен миром программирования и <highlighttext>Python</highlighttext> - твой любимый язык, ты легко осваиваешь новые технологии и любишь решать сложные задачи. ","Разрабатывать backend-часть веб-приложений на <highlighttext>Python</highlighttext>: Ты будешь создавать логику приложения, разрабатывать API и интегрировать его с базами данных. ",60000.0,60000.0
Знание <highlighttext>Python</highlighttext>. Знание Linux. Приветствуется: Любой опыт работы с облаками и Kubernetes. Возможность оформления АйТи-отсрочки от армии (для военнообязанных).,Знание <highlighttext>Python</highlighttext>. Знание Linux. Приветствуется: Любой опыт работы с облаками и Kubernetes. Возможность оформления АйТи-отсрочки от армии (для военнообязанных).,85000.0,85000.0
"...для управления состоянием. Опыт с инструментами сборки, такими как Webpack или Vite. Знание CI/CD инструментов. Знание C, C++, <highlighttext>Python</highlighttext>.",Разработка новых пользовательских интерфейсов с использованием React или Vue.js. Поддержка существующих фронтенд-приложений. Написание тестов для обеспечения качества кода. ,1200.0,1200.0
"Чем будешь заниматься: Опыт в разработке игр, знание языков программирования, движков и т.д. Аналитическое и творческое мышление в тесной...","Разрабатывать разнообразные игры (консоли, мобильные и т.д.). Генерировать идеи в рамках своей специализации. Улучшать текущие разработки. Работать в связке...",150000.0,400000.0
Знания <highlighttext>Python</highlighttext>: Уверенное владение <highlighttext>Python</highlighttext> для написания кода и интеграции моделей. Понимание REST: Опыт работы с REST API для взаимодействия...,"Генеративные модели: Разработка и оптимизация моделей для генерации текста, изображений и других данных. <highlighttext>Python</highlighttext>: Написание кода на <highlighttext>Python</highlighttext> для интеграции...",90000.0,90000.0
"Высшее образование (желательно техническое или математическое). Плюсом будет знание языков программирования (например, SQL, <highlighttext>Python</highlighttext>). Понимание принципов работы реляционных баз данных. ",Сбор и анализ требований к системам у менеджеров продукта и заказчиков от бизнеса. Разработка технических заданий и передача их разработчикам. ,80000.0,140000.0
Не менее 1 года опыта работы в роли Data Scientist или аналогичной. Углубленные знания <highlighttext>Python</highlighttext> и SQL. Опыт работы с...,"Анализ данных и проведение тестов для проверки бизнес-гипотез с использованием AI-технологий. Разработка и оптимизация моделей машинного обучения, включая...",170000.0,170000.0
"Знания: <highlighttext>Python</highlighttext>, Django, HTML, CSS, SQL, JavaScript, jQuery, Ajax, XML, JSON. Опыт работы с Nginx. Навыки верстки под современные браузеры...",Разработка высоконагруженных web-проектов.,120000.0,150000.0
Умение работать с Sqlalchemy или аналогом для взаимодействия с БД. Владение pandas в части работы с таблицами. Наличие опыта работы...,"Писать скрипты на <highlighttext>python</highlighttext> для автоматизированного сбора и подготовки данных для различных систем(BI, CRM). Автоматизировать расчет инвестиционных продуктов на...",100000.0,100000.0
"Высшее образование (желательно техническое или математическое). Плюсом будет знание языков программирования (например, SQL, <highlighttext>Python</highlighttext>). Понимание принципов работы реляционных баз данных. ",Сбор и анализ требований к системам у менеджеров продукта и заказчиков от бизнеса. Разработка технических заданий в письменном виде и...,75000.0,125000.0
Опыт коммерческой разработки от 3 лет. Опыт работы с React и Next. Опыт работы с Tailwind CSS. Умение и готовность...,"Редизайн текущего сайта (совместно с дизайнером). Добавление нового функционала, в соответствии с роадмапом. Оптимизация работы клиентской части (скроллинг, popup - окна).",200000.0,200000.0
От 2+ лет коммерческого опыта в релевантном стеке. Опыт проектирования сервисов. Опыт работы с aiohttp и asyncio. ,Проектирование и разработка новых фич и интеграций. Небольшой процент поддержки и оптимизации кода. Ревью кода других разработчиков команды. ,230000.0,230000.0
"Умение тестировать REST и использовать тестовые инструменты (Postman, Insomnia и т.д.). Знание PHP, JavaScript, <highlighttext>Python</highlighttext> (на достаточном для автоматизации...","Участие в формировании требований к продукту и тестирование требований. Обнаружение, оформление и контроль исправления обнаруженных багов. Составление тестовых сценариев. ",100000.0,100000.0
"Понимание пространственных данных, их работы и строения. Знание структурированного языка запросов (SQL). Знание основы программирования(<highlighttext>Python</highlighttext>, C++). Знание и понимание...",Сбор и обработка пространственных данных. Пространственный анализ. Подготовка и написание аналитических текстов и рекомендаций к концепции проекта на основе результатов...,150000.0,250000.0
"Владение инструментами анализа данных, такими как Excel, SQL или библиотеки <highlighttext>Python</highlighttext> (Pandas, NumPy), для обработки и очистки данных. - ","Создание аналитических отчетов для руководства, отражающих динамику всех направлений. Обеспечение прозрачности и точности в сборе данных, отчетности и визуализации. ",150000.0,200000.0
Необходимые навыки: — Ansible. — Apache Kafka. — OpenShift. — REST API. — понимание микросервисной архитектуры.,изучать характеристики нагрузочных тестов. — измерять параметры при запуске тестов и их влияние. — производить подготовку стенда перед запуском нагрузочного тестирования. — ,71800.0,71800.0
"Понимание текущих SOTA подходов в computer vision и ML (GAN, diffusion). Знание <highlighttext>Python</highlighttext>, Pytorch. Знание основных инструментов и библиотек для...","Иследовать, разрабатывать и внедрять современные технологии в области обработки изображений и видео. Совершенствовать текущие технологии и пайплайны. Следить за новейшими...",150000.0,150000.0
"Построение и поддержка моделей классификации и регрессии (знание принципов работы рекомендательных систем будет плюсом). Базовые знания: Pandas, NumPy. ","Сбор, подготовка и анализ данных. Визуализация, построение графиков. Разметка данных (ручная и автоматизированная). Работа в команде от 3-х человек.",180000.0,220000.0
"Опыт в разработке. Будет плюсом: Знание <highlighttext>Python</highlighttext>/JavaScript. Опыт работы с моделями различной размерности 7b, 70b. ",Разработка и настройка чат-ботов на основе LLM в визуальном редакторе. Построение логики работы чат-ботов в соответствии с требованиями...,100000.0,300000.0
"Готовность изучать новое и погружаться в большие проекты. Уверенное знание <highlighttext>Python</highlighttext>, Django или FastAPI. Уверенное знание PostgresSQL. Знание принципов организации...","Готовность изучать новое и погружаться в большие проекты. Уверенное знание <highlighttext>Python</highlighttext>, Django или FastAPI. Уверенное знание PostgresSQL. Знание принципов организации...",100000.0,100000.0
"Будет плюсом: - Опыт написания/взаимодействия с микросервисной архитектурой (FastAPI). - Написание автотестов (pytest, unittest). - Знание параллельности/асинхронности в <highlighttext>Python</highlighttext>. - ",Разработка и развитие автоматизированных проверок для веб-сайтов. Разработка скриптов для автоматизации различных процессов в отделе. Поддержка Legacy-кода. ,70000.0,100000.0
"Знание Javascript, HTML, CSS - обязательно. VueJS, <highlighttext>Python</highlighttext>, PHP, ArcGIS, QGIS, SQL - желательно.","Знание Javascript, HTML, CSS - обязательно. VueJS, <highlighttext>Python</highlighttext>, PHP, ArcGIS, QGIS, SQL - желательно.",50000.0,50000.0
"Глубокие знания <highlighttext>Python</highlighttext>, включая современные подходы к написанию и поддержке кода. - Опыт работы с библиотеками и фреймворками для машинного обучения...","Определение платформы и реализация скрипта взаимодействия с системой, используя наш веб-шлюз и серверные мощности. - Разработка авторизационной панели для работы...",500000.0,1000000.0
"Высшее профессиональное образование в геологической сфере. Опыт работы в специализированных организациях от 3 лет. Владение специализированными программами (QGIS, ArcGIS). ","Ведение базы данных показателей состояния подземных вод и опасных геологических процессов (PostgreSQL). Анализ данных мониторинга (статистический, пространственный) подземных вод и...",130000.0,150000.0
"Опыт работы с Google Sheets, 1С8 и знания основ программирования на <highlighttext>Python</highlighttext> будет вашим преимуществом. Вы умеете работать...","Сбор данных из разных источников, их обработка, систематизация и подготовка под необходимый формат. Управление качеством входящих данных. Создание, поддержание и...",75000.0,80000.0
"Будет преимуществом, если вы: Имеете опыт работы на позиции manual QA Знаете основы языка <highlighttext>Python</highlighttext> Работали с Jira Знакомы с...",Работа над продуктом с показателем NPS более 90%. Регулярные отпуска для предотвращения выгорания. Интересное общение с владельцами бизнесов и ключевыми...,1000.0,1000.0
...<highlighttext>python</highlighttext>3. - Уверенное владение хотя бы одним из известных веб-фреймворков - django/flask/starlette-fastapi. - Знакомство с современным инструментами <highlighttext>python</highlighttext>...,"Проект с которым предстоит работать: Платформа для реализации FinTech - сервисов. - Разрабатывать микросервисы по согласованной архитектуре, на основании технического задания. - ",120000.0,120000.0
"уверенное использование <highlighttext>python</highlighttext> 3.x, asyncio. - умение работать с реляционными базами данных (mysql/postgresql), nosql, очередями (rabbitmq), знание базовых конструкций...","Backend разработка. - Реализация бизнес-логики. - Взаимодействие с командой. - Анализ и оценка требований. - Рефакторинг, ревью кода. - Документирование кода. - Решение нестандартных задач...",60000.0,100000.0
"PHP (""1С-Битрикс"", Wordpress, Laravel). <highlighttext>Python</highlighttext>. MySQL. Gitlab. Jira. PhpStorm.",Разработка крупных сложных сайтов или заказного веб-ориентированного программного обеспечения. Разработка нагруженного сайта или оптимизация скорости работы существующего. ,53000.0,155000.0
"Знание основ программирования. Знания любого языка программирования (JavaScript, PHP, <highlighttext>Python</highlighttext>, C#, Java, C, C++ и др). Писать код, понимать основные...","Разработка, развитие и поддержка Аналитической системы.",100000.0,150000.0
"Опыт работы с облачными системами управления (инструментарий, провиженинг, биллинг и квоты). Сценарное программирование (Bash, <highlighttext>Python</highlighttext>, Gotemplate). Опыт автоматизации развертывания инфраструктуры...",Проектирование архитектуры и сервисов для B2C и B2B приложений. Обеспечение отказоустойчивости разрабатываемых сервисов в среде Digital...,900000.0,1200000.0
"Базовые знания обработки данных с использованием библиотек, таких как pandas и NumPy. Умение работать с SQL для извлечения данных. ",Очистка и предварительная обработка сырых наборов данных для моделей машинного обучения. Проведение разведывательного анализа данных (EDA) и создание визуальных отчетов. ,600.0,600.0
"Релевантный опыт работы от 3-х лет в должности Head of FP&A, фин. директор функции/бренда. Опыт работы в...",Анализ данных при помощи инструментов программирования (SQL <highlighttext>Python</highlighttext>). Автоматизация процессов сбора и обработки данных для составления аналитических и статистических отчетов. ,400000.0,400000.0
"CI/CD: Опыт работы с инструментами непрерывной интеграции и доставки. Другие языки: Знание других языков программирования, таких как <highlighttext>Python</highlighttext> или...","CI/CD: Опыт работы с инструментами непрерывной интеграции и доставки. Другие языки: Знание других языков программирования, таких как <highlighttext>Python</highlighttext> или...",75000.0,75000.0
...с системами контроля версий (git). Опыт разработки на одноплатных компьютерах. Опыт использования фреймворка Qt. Опыт разработки под Linux. Знание <highlighttext>Python</highlighttext>.,"Разработка нового, сопровождение и модернизация существующего программного обеспечения. Разрабатывать алгоритмы решения поставленных задач в соответствии с требованиями. Составление документации для...",100000.0,120000.0
"Vue, React. Приветствуется: Любой опыт с AWS, DigitalOcean или OpenStack.","Vue, React. Приветствуется: Любой опыт с AWS, DigitalOcean или OpenStack.",85000.0,85000.0
"Знание <highlighttext>Python</highlighttext>. Понимание ООП. Знание CI/CD. Умение работать с чужим кодом. Работа с СУБД (MySql, PostgreSql, SqLite, Redis, RocksDB). ","Разработка библиотек. Разработка микросервисов. Разработка приложений для анализа и сбора данных. Поддерживать и улучшать имеющиеся системы, писать новые.",120000.0,120000.0
"<highlighttext>Python</highlighttext> 3.9-3.11 (в идеале от 1,5 лет опыта). Django 3.2-4.2. DRF. Celery. SQLAlchemy. ","Написание кода по всем действующим backend продуктам. Поддержание существующего функционала (REST API для приложений, бизнес логика для бэк-офиса, панель...",150000.0,180000.0
"Приветствуется опыт с MS Access и языком VBA, знание языков программирования (<highlighttext>Python</highlighttext> и др.), знание статистического анализа и методов прогнозирования...","Аналитическая поддержка деятельности департамента, подготовка аналитических отчетов, прогнозов по запросу руководства департамента в сфере анализа авиационного рынка, операционных и финансовых...",169000.0,169000.0
"Для этого мы ищем начинающего, сообразительного, шустрого, амбициозного интерна-джуна питониста. Опыт в коммерческой разработке не требуется – важнее навык быстро...",Писать тесты. Писать фичи. Писать фронт. Диплоить проекты. И всем даём ответ ;).,20000.0,40000.0
"Подтвержденным опытом ручного тестирования, включая опыт тестирования API. Умением писать понятную, подробную и эффективную техническую документацию. С опытом использования Figma...","Проводить ручное тестирование веб- и мобильных приложений, включая тестирование API, чтобы обеспечить высокое качество создаваемых продуктов. Анализировать требования и создавать...",1500.0,2000.0
Умение писать Unit-тесты. Желательно: Опыт работы с Kafka. Опыт работы с ClickHouse. Опыт работы с cloud-сервисами. Знание <highlighttext>Python</highlighttext>...,Создавать надежные сервисы на Go. Развивать и рефакторить существующие микросервисы. Проектировать архитектуру и API приложений. Обеспечивать интеграцию с внешними сервисами...,70000.0,70000.0
"Опыт работы с NoSQL (Redis, AeroSpike). Базовое знание любого языка (в идеале <highlighttext>Python</highlighttext>). Опыт работы с командной строкой Linux. ","Ведение необходимой и достаточной тестовой документации (чек-листы, описание проверок, найденные дефекты). Взаимодействие с IT отделом для проектирования, запуска, обслуживания...",170000.0,170000.0
"Уверенное знание Linux, опыт работы в командной строке. Опыт программирования и знание <highlighttext>Python</highlighttext>. Опыт работы с фреймворками для автоматизации тестирования...","Описывать ошибки в bug tracking-системах (используем Gitlab). Разрабатывать автотесты (используем <highlighttext>Python</highlighttext>, Pytest/Robot Framework, seleniumLibrary). Поддерживать инфраструктуру для тестирования...",140000.0,170000.0
"Знание <highlighttext>Python</highlighttext>3. - Опыт работы с библиотекой FastAPI. - Опыт работы с Api различных сервисов (Понимание какие бывают запросы (post, get...","Руководство June <highlighttext>Python</highlighttext> разработчиков (обучим и покажем, как ставить задачи). Главный результат работы <highlighttext>Python</highlighttext> developer : бесперебойная работа сервиса и интеграция...",55000.0,65000.0
Знание SQL. Опыт проектирования БД от 1 года. Опыт работы с какой либо СУБД (желательно PostgreSQL). Навыки алгоритмизации. ,Анализ задач и проектирование под них БД. Разработка бизнес логики под требования компании (имеется собственная платформа). Внедрение и поддержка новых...,90000.0,90000.0
Experience in <highlighttext>Python</highlighttext> Production development. Experience in large-scale systems development. Fluent Russian (meeting with Russian dev team). Written english. ,"Build and maintain back-end. Write tests using Pytest and other libraries. Write clean, maintainable, and well-documented code. ",270000.0,320000.0
Опыт нагрузочного тестирования. Опыт написания скриптов в Postman. Знание языка программирования - <highlighttext>Python</highlighttext> и фреймворка Pytest/Playwright. Высшее профессиональное техническое образование.,Тестирование эксплуатационной и технической документации. Разработка плана тестирования. Создание и поддержание в актуальном состоянии тестовой документации и артефактов. ,120000.0,120000.0
"Знаете <highlighttext>Python</highlighttext> 3 и очень хорошо в нём ориентируетесь, много работали с асинхронностью и различными библиотеками. Знаете SQL и работали...","Проектировать, разрабатывать и развивать распределённые отказоустойчивые бэкенд-системы: дорабатывать существующие микросервисы и создавать новые. Писать читаемый поддерживаемый код и помогать...",400000.0,400000.0
Хорошее знание <highlighttext>python</highlighttext> (в т.ч. async). Умение работать с реляционными БД (postgresql). Умение работать с redis. Базовые знания по...,Хорошее знание <highlighttext>python</highlighttext> (в т.ч. async). Умение работать с реляционными БД (postgresql). Умение работать с redis. Базовые знания по...,50000.0,80000.0
Уверенные знания <highlighttext>python</highlighttext>3.6 (желателен опыт коммерческой разработки от 2 лет). Опыт работы с Flask/Django. Опыт работы с...,Участие в разработке бэкенда облачного сервиса.,200000.0,200000.0
Законченной алгоритмической части. Не весь список программной части для управления системой увлажнения готов.,"Часть модулей уже переписана на <highlighttext>Python</highlighttext>, возможно осталось что-то на microPython. - Управление BLDC мотором насоса с помощью покупного драйвера...",200000.0,200000.0
"Законченное высшее техническое образование. Грамотность, умение анализировать и структурировать информацию. Коммуникабельность, внимательность. Знание английского языка на уровне чтения документации.","Собирать и анализировать бизнес-требования. Заниматься постановкой технических задач. Составлять проектную, техническую и пользовательскую документацию. Синхронизировать статус команды и заказчика...",70000.0,70000.0
"Аналитический склад ума, ответственность, уверенная работа с цифрами и таблицами. Базовое знание <highlighttext>Python</highlighttext>. Практический опыт работы с <highlighttext>Python</highlighttext> - Ваше преимущество!","Разработка, оптимизация и рефакторинг бэкенда (<highlighttext>Python</highlighttext>, FastAPI, Docker), внедрение хранилищ данных (PostgreSQL, Redis). No-code решения (складывание ботов из блоков...",35000.0,70000.0
"Опыт работы с Linux системами. Навыки программирования Java/<highlighttext>Python</highlighttext> (frameworks: Behave/PyTest). Чтение кода (понимание) ruby, C#, vue. ","Ручное тестирование ПО. Создание, поддержка и прохождение тест-кейсов. Обработка поступающих обращений с типом дефект, ошибка, баг. Заведение или актуализация...",70000.0,70000.0
"Хорошее знание фреймворков FastAPI. Хорошее знание SQL. Понимание принципов ООП (SOLID, DRY, KISS). Уверенный уровень владения Git и командной строки. ",Разработка программного обеспечения с использованием языка программирования <highlighttext>Python</highlighttext>. Поддержка и улучшение существующего программного обеспечения. Написание и запуск тестов для проверки...,200000.0,200000.0
"Знание <highlighttext>Python</highlighttext> и JavaScript, опыт работы с библиотеками для обработки текста (TensorFlow, PyTorch, spaCy, NLTK, Hugging Face Transformers). ",Разработка и внедрение системы для анализа текстовых данных и персонализации объектов по уникальным характеристикам. Разработка сервиса для сбора и согласования...,150000.0,150000.0
"Пользователь: Excel (Google Sheets), Google Analytics (или UA / Яндекс Метрика), 1С. Как преимущество: SQL, <highlighttext>Python</highlighttext>, Big Query. ","Определение потребности заказчиков, структурирование их запросов. Создание, поддержание и развитие аналитической отчетности каналов продаж (Розница, Еком, Маркетплейсы, Опт). ",150000.0,150000.0
ЧТО ТАКОЕ EL В ЦИФРАХ? 7 лет создаем аномалии в рынке школьного образования. Опыт работы в области анализа данных от...,"...целей и задач бизнеса. Разработаны интерактивные дашборды и отчеты. Владение <highlighttext>Python</highlighttext> для анализа данных, разработки ETL-скриптов и автоматизации задач. ",150000.0,150000.0
Работа с виртуализацией и сетевыми технологиями (TCP/IP). - Знание <highlighttext>Python</highlighttext> 3. - Flask/FastAPI. - Docker. - TCP/IP. - Основы ООП (SOLID). - ,"Разработка и поддержка веб-приложений на <highlighttext>Python</highlighttext>. - Работа с фреймворками Django, Flask/FastAPI. - Взаимодействие с базами данных через SQLAlchemy. - ",80000.0,100000.0
"...позиции middle разработчик <highlighttext>Python</highlighttext> от 3 лет. Глубокое понимание структур данных, алгоритмов и объектно-ориентированного программирования на <highlighttext>Python</highlighttext>. ","...позиции middle разработчик <highlighttext>Python</highlighttext> от 3 лет. Глубокое понимание структур данных, алгоритмов и объектно-ориентированного программирования на <highlighttext>Python</highlighttext>. ",150000.0,150000.0
"Опыт работы с <highlighttext>Python</highlighttext> от 2 лет. Опыт работы с фреймворками, такими как Django, FastApi. Опыт работы как с реляционными...",Разработка высококачественного программного обеспечения на <highlighttext>Python</highlighttext>. Участие в проектировании архитектуры приложений и выборе технологических решений. Оптимизация и поддержка существующего кода. ,350000.0,350000.0
"Знание React/Next.js и TypeScript. Уверенное владение JS (ES5, ES6). Опыт работы с git. Знание и опыт CSS...",Участие в новом startup проекте по разработке SaaS системы автоматизации управления предприятием для промышленности. Задачи по разработке нагруженных систем. ,80000.0,80000.0
"Желательно наличие опыта работы с текстовыми данными. Знание языков программирования и фреймворков: <highlighttext>Python</highlighttext>, PyTorch/TensorFlow, Hugging Face Transformers, LangChain/LlamaIndex.",Разработка пайплайнов для предобработки текстов. Реализация логики разделения документов на смысловые части. Создание систем фильтрации и очистки данных. ,400000.0,400000.0
"Образование в профильной или смежной области. Знание <highlighttext>Python</highlighttext> (в особенности pandas), Google Sheets, Google Colab, GitHub, API. Будет круто, если...","Выгружать, обрабатывать и структурировать данные из различных источников. Разрабатывать системы автоматизации и мониторинга бизнес-процессов агентства. Искать и устранять баги...",30000.0,40000.0
"В основном проект - чистый JS, немного на vue.js. Сборка осуществляется через gulp. Дизайн: Figma. Общее понимание <highlighttext>Python</highlighttext> Django (основной стек...","Верстка страниц для WEB-сайта по макету Figma. Адаптивная верстка для PC, Tablet, Mobile. Доработка админки Django под задачи организации.",120000.0,120000.0
Опыт разработки на <highlighttext>Python</highlighttext> от 3 лет. - Docker Compose. - Gitlab CI. - Опыт написания юнит-тестов. - Опыт работы с большими данными. ,"Разработка новой функциональности для бизнес-задач. Поддержка, развитие, оптимизации текущей функциональности. Участие в разработке общепроектных инструментов и пакетов. - OpenStack.",200000.0,200000.0
"Cтек веб-технологий (Nginx, Apache, php-fpm). — Cредства виртуализации (Systemd-nspawn, OpenVZ, KVM). — Мониторинг, опыт работы с Zabbix или Prometheus. — ","Мы, Southbridge, работаем с 2007 года. Строим и поддерживаем ИТ-инфраструктуру средне и высоконагруженных проектов, более 1000 серверов на поддержке. ",200000.0,200000.0
SQL (Postgres и Clickhouse). — AirFlow. Как мы видим ваши знания и опыт:,"В портфеле компании: мобильные приложения, CRM-система, web, блок аналитики и еще несколько прикольных штуковин. Основные задачи: ​​​​​​​— проектирование и разработка...",120000.0,120000.0
"...3х лет. Технический английский. Опыт работы с CI (gitlab-ci). Опыт работы с selenium, <highlighttext>python</highlighttext>. Опыт работы с Docker.","Проведение e2e, функционального, регрессивного тестирования web-приложений (frontend). Создание, запуск и мониторинг автотестов, участие в ревью. ",214000.0,214000.0
Коммерческий опыт ручного и автоматического тестирования от 3х лет. Опыт автоматизации на <highlighttext>Python</highlighttext> от 2х лет. ,"Документирование и отслеживание ошибок. Создание чек-листов тестирования, подробных тестовых сценариев. Проведение регрессионного, функционального, интеграционного тестирования. Написание автотестов.",280000.0,280000.0
...об основах компьютерных сетей. Дополнительные преимущества: - опыт работы с виртуальными машинами. - желательно основы работы в linux. - желательно основы программирования <highlighttext>python</highlighttext>.,проверять соответствие ПО с разработанной документацией и техническим заданием на ПО. - регистрировать выявленные неточности или улучшения в ПО. - ,45000.0,45000.0
Знание <highlighttext>Python</highlighttext>. Понимание работы TG ботов.,Поддержка существующих проектов. Разработка ТГ ботов и микросервисов.,30000.0,50000.0
"Опыт работы инженером мониторинга или системным инженером. Знание Linux на уровне системного администратора. Хорошие знания Zabbix: создание собственных шаблонов, использование...","Настраивать правила, метрики, триггеры для сбора данных, настраивать дашборды. Писать скрипты для мониторинга на <highlighttext>Python</highlighttext> - желательно. Участвовать в разборе сложных...",150000.0,150000.0
"Знания С# и SQL. Опыт разработки микросервисной архитектуры. Знания ASP.Net, EF Core, PostgreSQL, REST API. Опыт работы с Git/GitLab. ","Будущий проект — это проектирование и разработка системы диагностики и мониторинга энергетического оборудования. Стек: C# ASP.Net, PostgreSQL, Docker, Microservices. ",280000.0,280000.0
Знание React JS. Опыт работы над ETL процессами. Опыт проектирования и разработки HighLoad-приложений.,"Проектирование архитектуры и участие в design review. Организовывать эффективный процесс работы команды в соответствии с лучшими практиками (код-ревью, CI...",300000.0,300000.0
Опыт работы DevOps инженером от 3 лет. Глубокие знания Docker и Kubernetes. Навыки настройки CI/CD процессов. Опыт работы с...,"...файловых систем, RAID, мониторинг ресурсов; написание скриптов на bash или <highlighttext>Python</highlighttext> для автоматизации задач. Работа с микросервисной архитектурой, развертывание и...",1000.0,2000.0
Разработка продвинутых AI систем. Необходим опыт:,Сложные системы эффектов и частиц. Мультиплеер на Blueprints. Программирование сервера на <highlighttext>Python</highlighttext>. Оптимизация сетевого кода под нагрузкой. Продвинутая работа с...,100000.0,100000.0
Глубокое знание <highlighttext>Python</highlighttext> и опыт в асинхронном программировании. - Уверенное владение инструментами для создания RESTful API с использованием <highlighttext>Python</highlighttext>. - ,"Разработка и поддержка серверной части веб-приложений с использованием <highlighttext>Python</highlighttext>, включая создание и оптимизацию асинхронных функций для повышения производительности (asyncio...",35000.0,50000.0
1) 1.5+ год опыта работы в качестве бэкенд-разработчика (<highlighttext>Python</highlighttext>). 2) Опыт в разработке чат-ботов на aiogram...,"1) Разработка различных чат-ботов как для внутренних нужд компаний, так и для внешних. 2) Разработка веб-приложений в телеграмме. ",80000.0,150000.0
"Уверенное понимание различных видов торговых стратегий. Опыт торговли на криптовалютных биржах. <highlighttext>Python</highlighttext> (уверенное знание pandas, numpy, BeautifulSoup). SQL (опыт работы...","Парсинг готовых торговых идей, находящихся в открытом доступе. Формирование скриптов бэктестинга (<highlighttext>python</highlighttext>, vector-bt) для найденной. Торговой логики, поиск оптимальных...",70000.0,100000.0
"Знание <highlighttext>Python</highlighttext>/Django, MySQL, HTML/CSS, JavaScript, Bootstrap. Базовые знания GIT. Опыт коммерческой разработки с примерами.",Сборка сайтов по ТЗ на Django. Поддержка текущих клиентов и их сайтов на Django. Разработка приложений на <highlighttext>Python</highlighttext>.,50000.0,90000.0
...обработки сигналов для прикладных задач обработки изображений. Владение языком программирования <highlighttext>Python</highlighttext>. Опыт работы с основными библиотеками и фреймворками машинного обучения. ,Разработка и реализация алгоритмов математической обработки и анализа изображений. Разработка функциональных узлов и программных модулей систем технического зрения. ,110000.0,110000.0
"Опыт настройки автотестов на языках, таких как <highlighttext>Python</highlighttext>, Java или JavaScript. Навыки работы с инструментами автоматизации, например, Selenium, Appium, и...",Настройка и улучшение процессов тестирования:,80000.0,80000.0
Инициативность в поиске решения задач. Опыт разработки на языке <highlighttext>Python</highlighttext> с фреймворком Django. Понимание принципов ООП и SOLID. ,Написание backend части веб-сервисов на языке <highlighttext>Python</highlighttext> для коммерческих проектов. Развертывание веб-приложений на сервере.,40000.0,80000.0
"Опыт написания скриптов на Bash, <highlighttext>Python</highlighttext> и Gotemplate. Опыт автоматизации развертывания инфраструктуры с использованием таких инструментов, как Ansible, Terraform или...",Проектирование и архитектура сервисов для B2C и B2B приложений. Обеспечение отказоустойчивости сервисов в среде Digital Ocean. ,600000.0,600000.0
"Базовые знания о LLM и принципах их работы. Опыт программирования на <highlighttext>Python</highlighttext> от 1 года (numpy, scipy, pandas). ",Создавать и улучшать запросы (promt) к GPT моделям. Настраивать отчеты в BI системе. Тестировать и проверять качество работы модели. ,50000.0,50000.0
"Знание инструментов аналитики мобильных приложений не обязательно, но будет плюсом. Умение работать с <highlighttext>Python</highlighttext> (Pandas, NumPy, Matplotlib), SQL, Microsoft Excel...","Очищать, организовывать и анализировать большие объемы данных с использованием <highlighttext>Python</highlighttext>, SQL и Excel. Проводить исследовательский анализ данных (EDA) для выявления...",25000.0,25000.0
Опыт работы в аналогичной должности от 2х лет. Технический бекграунд в качестве <highlighttext>Python</highlighttext> или JS разработчика (обязательно). ,Участие в разработке и реализация IT-стратегии компании. Управление несколькими продуктами в стадии реализации. Оперативное управление командой технических специалистов – разработчики...,500000.0,500000.0
"От вас потребуется самостоятельность при изучении, инициативность в работе и хорошее знание математики. Необходимые навыки: <highlighttext>Python</highlighttext>. Опыт с асинхронными очередями...","От вас потребуется самостоятельность при изучении, инициативность в работе и хорошее знание математики. Необходимые навыки: <highlighttext>Python</highlighttext>. Опыт с асинхронными очередями...",120000.0,180000.0
"Разметка баз данных/ работа с датасетами; Создание нейросетей, обучение; Применение метрик для оценки обучения; <highlighttext>Python</highlighttext> и библиотеки (Keras, Tensorflow, pytorch...","Ищем специалиста по AI (нейронным сетям/deep learning) для реализации различных проектов связанных с классификацией пользователей, кластеризацией, предикцией, машинным зрением...",30000.0,40000.0
Понимание принципов работы с GitHub. Плюсом будет знание <highlighttext>Python</highlighttext> и Django. Навыки анализа и поддержки чужого кода. Желание развиваться и...,"Оптимизация и поддержка работы нашего онлайн-портала, устранение багов для стабильной работы. Разработка нового функционала, усовершенствование существующего — улучшай опыт пользователей...",100000.0,100000.0
